Название объекта,Адрес,Идентификатор,Ввод в эксплуатацию,Полное наименование застройщика,Название группы застройщика,Дата публикации,Выдача ключей,Средняя цена,Распроданность квартир %,Описание класса объекта,Количество квартир
-,"город Сочи, район Лазаревский, Улица Туристская",61574,2029-09-30,СПЕЦИАЛИЗИРОВАННЫЙ ЗАСТРОЙЩИК ГРИНСТРОЙ-ЮГ,-,2024-08-21,23-01-2030 12:00,-,-,Бизнес,0
-,"город Сочи, район Лазаревский, Улица Туристская",61573,2029-09-30,СПЕЦИАЛИЗИРОВАННЫЙ ЗАСТРОЙЩИК ГРИНСТРОЙ-ЮГ,-,2024-08-21,23-01-2030 12:00,-,-,Бизнес,0
-,"город Сочи, район Лазаревский, Улица Туристская",61572,2029-09-30,СПЕЦИАЛИЗИРОВАННЫЙ ЗАСТРОЙЩИК ГРИНСТРОЙ-ЮГ,-,2024-08-21,23-01-2030 12:00,-,-,Бизнес,0
-,"город Сочи, район Лазаревский, Улица Туристская",61571,2029-09-30,СПЕЦИАЛИЗИРОВАННЫЙ ЗАСТРОЙЩИК ГРИНСТРОЙ-ЮГ,-,2024-08-21,23-01-2030 12:00,-,-,Бизнес,0
-,"город Сочи, район Лазаревский, Улица Туристская",61570,2029-09-30,СПЕЦИАЛИЗИРОВАННЫЙ ЗАСТРОЙЩИК ГРИНСТРОЙ-ЮГ,-,2024-08-21,23-01-2030 12:00,-,-,Бизнес,0
Загородный квартал ЛЕСОЧИ корпус 19,"город Г Сочи, Улица Джапаридзе",60682,2025-09-30,СПЕЦИАЛИЗИРОВАННЫЙ ЗАСТРОЙЩИК СМО-7,-,2024-07-03,30-12-2025 12:00,-,-,Бизнес,10
Загородный квартал ЛЕСОЧИ корпус 18,"город Г Сочи, Улица Джапаридзе",60681,2025-09-30,СПЕЦИАЛИЗИРОВАННЫЙ ЗАСТРОЙЩИК СМО-7,-,2024-07-03,30-12-2025 12:00,-,-,Бизнес,10
Загородный квартал ЛЕСОЧИ корпус 11,"город Г Сочи, Улица Джапаридзе",60680,2025-09-30,СПЕЦИАЛИЗИРОВАННЫЙ ЗАСТРОЙЩИК СМО-7,-,2024-07-03,30-12-2025 12:00,-,-,Бизнес,10
Загородный квартал ЛЕСОЧИ корпус 10,"город Г Сочи, Улица Джапаридзе",60679,2025-09-30,СПЕЦИАЛИЗИРОВАННЫЙ ЗАСТРОЙЩИК СМО-7,-,2024-07-03,30-12-2025 12:00,-,-,Бизнес,10
Загородный квартал ЛЕСОЧИ корпус 6,"город Г Сочи, Улица Джапаридзе",60678,2025-09-30,СПЕЦИАЛИЗИРОВАННЫЙ ЗАСТРОЙЩИК СМО-7,-,2024-07-03,30-12-2025 12:00,-,-,Бизнес,10
Загородный квартал ЛЕСОЧИ корпус 5,"город Г Сочи, Улица Джапаридзе",60677,2025-09-30,СПЕЦИАЛИЗИРОВАННЫЙ ЗАСТРОЙЩИК СМО-7,-,2024-07-03,30-12-2025 12:00,-,-,Бизнес,10
Загородный квартал ЛЕСОЧИ корпус 4,"город Г Сочи, Улица Джапаридзе",60676,2025-09-30,СПЕЦИАЛИЗИРОВАННЫЙ ЗАСТРОЙЩИК СМО-7,-,2024-07-03,30-12-2025 12:00,-,-,Бизнес,10
Загородный квартал ЛЕСОЧИ корпус 3,"город Г Сочи, Улица Джапарадзе",60675,2025-09-30,СПЕЦИАЛИЗИРОВАННЫЙ ЗАСТРОЙЩИК СМО-7,-,2024-07-03,30-12-2025 12:00,-,-,Бизнес,10
Загородный квартал ЛЕСОЧИ корпус 2,"город Г Сочи, Улица Джапаридзе",60674,2025-09-30,СПЕЦИАЛИЗИРОВАННЫЙ ЗАСТРОЙЩИК СМО-7,-,2024-07-03,30-12-2025 12:00,-,-,Бизнес,10
Загородный квартал ЛЕСОЧИ корпус 1,"город Г Сочи, Улица Джапаридзе",60673,2025-09-30,СПЕЦИАЛИЗИРОВАННЫЙ ЗАСТРОЙЩИК СМО-7,-,2024-07-03,30-12-2025 12:00,-,-,Бизнес,10
Загородный квартал ЛЕСОЧИ корпус 17,"город Г Сочи, Улица Джапаридзе",60670,2025-09-30,СПЕЦИАЛИЗИРОВАННЫЙ ЗАСТРОЙЩИК СМО-7,-,2024-07-03,30-12-2025 12:00,-,-,Бизнес,10
Загородный квартал ЛЕСОЧИ корпус 16,"город Г Сочи, Улица Джапаридзе",60669,2025-09-30,СПЕЦИАЛИЗИРОВАННЫЙ ЗАСТРОЙЩИК СМО-7,-,2024-07-03,30-12-2025 12:00,-,-,Бизнес,10
Загородный квартал ЛЕСОЧИ корпус 15,"город Г Сочи, Улица Джапаридзе",60668,2025-09-30,СПЕЦИАЛИЗИРОВАННЫЙ ЗАСТРОЙЩИК СМО-7,-,2024-07-03,30-12-2025 12:00,-,-,Бизнес,10
Загородный квартал ЛЕСОЧИ корпус 14,"город Г Сочи, Улица Джапаридзе",60667,2025-09-30,СПЕЦИАЛИЗИРОВАННЫЙ ЗАСТРОЙЩИК СМО-7,-,2024-07-03,30-12-2025 12:00,-,-,Бизнес,10
Загородный квартал ЛЕСОЧИ корпус 13,"город Г Сочи, Улица Джапаридзе",60666,2025-09-30,СПЕЦИАЛИЗИРОВАННЫЙ ЗАСТРОЙЩИК СМО-7,-,2024-07-03,30-12-2025 12:00,-,-,Бизнес,10
Загородный квартал ЛЕСОЧИ корпус 12,"город Г Сочи, Улица Джапаридзе",60665,2025-09-30,СПЕЦИАЛИЗИРОВАННЫЙ ЗАСТРОЙЩИК СМО-7,-,2024-07-03,30-12-2025 12:00,-,-,Бизнес,10
Загородный квартал ЛЕСОЧИ корпус 9,"город Г Сочи, Улица Джапаридзе",60664,2025-09-30,СПЕЦИАЛИЗИРОВАННЫЙ ЗАСТРОЙЩИК СМО-7,-,2024-07-03,30-12-2025 12:00,-,-,Бизнес,10
Загородный квартал ЛЕСОЧИ корпус 8,"город Г Сочи, Улица Джапаридзе",60663,2025-09-30,СПЕЦИАЛИЗИРОВАННЫЙ ЗАСТРОЙЩИК СМО-7,-,2024-07-03,30-12-2025 12:00,-,-,Бизнес,10
Загородный квартал ЛЕСОЧИ корпус 7,"город Г Сочи, Улица Джапаридзе",60662,2025-09-30,СПЕЦИАЛИЗИРОВАННЫЙ ЗАСТРОЙЩИК СМО-7,-,2024-07-03,30-12-2025 12:00,-,-,Бизнес,10
-,"город Сочи, Улица Крымская, д. 44",59469,2024-12-31,СПЕЦИАЛИЗИРОВАННЫЙ ЗАСТРОЙЩИК ГОСТИНИЧНЫЙ КОМПЛЕКС СОЧИОЙЛСТРОЙ,-,2024-05-09,30-06-2025 12:00,-,-,Бизнес,0
-,"город Сочи, Улица Крымская, д. 44",59468,2024-12-31,СПЕЦИАЛИЗИРОВАННЫЙ ЗАСТРОЙЩИК ГОСТИНИЧНЫЙ КОМПЛЕКС СОЧИОЙЛСТРОЙ,-,2024-05-09,30-06-2025 12:00,-,-,Бизнес,0
-,"город Сочи, Улица Крымская, д. 44",59467,2024-12-31,СПЕЦИАЛИЗИРОВАННЫЙ ЗАСТРОЙЩИК ГОСТИНИЧНЫЙ КОМПЛЕКС СОЧИОЙЛСТРОЙ,-,2024-05-09,30-06-2025 12:00,-,-,Бизнес,0
-,"город Сочи, Улица Крымская, д. 44",59466,2024-12-31,СПЕЦИАЛИЗИРОВАННЫЙ ЗАСТРОЙЩИК ГОСТИНИЧНЫЙ КОМПЛЕКС СОЧИОЙЛСТРОЙ,-,2024-05-09,30-06-2025 12:00,-,-,Бизнес,0
ЖК Южное Море - 2,"г. Сочи, район Хостинский р-н, ул Есауленко",58754,2026-12-31,САТУРН,ВнешОптоТорг,2024-04-04,30-04-2027 12:00,-,-,Типовой,0
ЖК Южное Море - 2,"г. Сочи, район Хостинский р-н, ул Есауленко",58753,2026-06-30,САТУРН,ВнешОптоТорг,2024-04-04,30-08-2026 12:00,135000,0.223317988668555,Бизнес,80
ЖК Южное Море - 2,"г. Сочи, район Хостинский р-н, ул Есауленко",58752,2026-06-30,САТУРН,ВнешОптоТорг,2024-04-04,30-08-2026 12:00,135000,0.222213371339502,Бизнес,84
"Жилой комплекс ""Светский лес"" (Литер 13)","город Г Сочи, Краснодонская",58431,2028-06-30,СПЕЦИАЛИЗИРОВАННЫЙ ЗАСТРОЙЩИК НОВЫЕ ТЕХНОЛОГИИ,ТОЧНО,2024-03-21,31-12-2028 12:00,-,-,Бизнес,0
"Жилой комплекс ""Светский лес"" Литер 1","город Г Сочи, Краснодонская",58430,2028-09-30,СПЕЦИАЛИЗИРОВАННЫЙ ЗАСТРОЙЩИК НОВЫЕ ТЕХНОЛОГИИ,ТОЧНО,2024-03-21,31-03-2029 12:00,-,-,Бизнес,0
"Жилой комплекс ""Светский лес"" Литер 3","город Г Сочи, Краснодонская",58429,2028-06-30,СПЕЦИАЛИЗИРОВАННЫЙ ЗАСТРОЙЩИК НОВЫЕ ТЕХНОЛОГИИ,ТОЧНО,2024-03-21,31-12-2028 12:00,-,-,Бизнес,408
"Жилой комплекс ""Светский лес"" Литер 2","город Г Сочи, Краснодонская",58428,2028-06-30,СПЕЦИАЛИЗИРОВАННЫЙ ЗАСТРОЙЩИК НОВЫЕ ТЕХНОЛОГИИ,ТОЧНО,2024-03-21,31-12-2028 12:00,-,-,Бизнес,462
"Жилой комплекс ""Светский лес"" Литер 1","город Г Сочи, Краснодонская",58427,2028-09-30,СПЕЦИАЛИЗИРОВАННЫЙ ЗАСТРОЙЩИК НОВЫЕ ТЕХНОЛОГИИ,ТОЧНО,2024-03-21,31-12-2028 12:00,-,-,Бизнес,388
"Жилой комплекс ""Светский лес"" Литер 6","город Г Сочи, Краснодонская",58426,2028-06-30,СПЕЦИАЛИЗИРОВАННЫЙ ЗАСТРОЙЩИК НОВЫЕ ТЕХНОЛОГИИ,ТОЧНО,2024-03-21,31-12-2028 12:00,-,-,Бизнес,0
"Жилой комплекс ""Светский лес"" Литер 4","город Г Сочи, Краснодонская",58425,2028-06-30,СПЕЦИАЛИЗИРОВАННЫЙ ЗАСТРОЙЩИК НОВЫЕ ТЕХНОЛОГИИ,ТОЧНО,2024-03-21,31-12-2028 12:00,358658,0.0930398847925755,Бизнес,656
"Жилой комплекс ""Светский лес"" Литер 7","город Г Сочи, Краснодонская",58424,2028-06-30,СПЕЦИАЛИЗИРОВАННЫЙ ЗАСТРОЙЩИК НОВЫЕ ТЕХНОЛОГИИ,ТОЧНО,2024-03-21,31-12-2028 12:00,-,-,Бизнес,0
"Жилой комплекс ""Светский лес"" Литер 10","город Г Сочи, Краснодонская",58423,2028-06-30,СПЕЦИАЛИЗИРОВАННЫЙ ЗАСТРОЙЩИК НОВЫЕ ТЕХНОЛОГИИ,ТОЧНО,2024-03-21,31-12-2028 12:00,-,-,Бизнес,388
"Жилой комплекс ""Светский лес"" Литер 8","город Г Сочи, Улица Краснодонская",58422,2028-06-30,СПЕЦИАЛИЗИРОВАННЫЙ ЗАСТРОЙЩИК НОВЫЕ ТЕХНОЛОГИИ,ТОЧНО,2024-03-21,31-12-2028 12:00,-,-,Бизнес,0
"Жилой комплекс ""Светский лес"" Литер 12","город Г Сочи, Улица Краснодонская",58421,2028-06-30,СПЕЦИАЛИЗИРОВАННЫЙ ЗАСТРОЙЩИК НОВЫЕ ТЕХНОЛОГИИ,ТОЧНО,2024-03-21,31-12-2028 12:00,-,-,Бизнес,408
"Жилой комплекс ""Светский лес"" Литер 11","город Г Сочи, Улица Краснодонская",58420,2028-06-30,СПЕЦИАЛИЗИРОВАННЫЙ ЗАСТРОЙЩИК НОВЫЕ ТЕХНОЛОГИИ,ТОЧНО,2024-03-21,31-12-2028 12:00,-,-,Бизнес,462
"Жилой комплекс ""Светский лес"" (Литер 9)","город Г Сочи, Краснодонская",58419,2028-06-30,СПЕЦИАЛИЗИРОВАННЫЙ ЗАСТРОЙЩИК НОВЫЕ ТЕХНОЛОГИИ,ТОЧНО,2024-03-21,31-12-2028 12:00,-,-,Бизнес,0
-,"г. Сочи, район Хостинский, улица Есауленко",57084,2026-03-31,СПЕЦИАЛИЗИРОВАННЫЙ ЗАСТРОЙЩИК ВОСТОК 314,-,2024-01-25,21-06-2026 12:00,-,-,Элитный,0
-,"г. Сочи, район Хостинский, улица Есауленко",57083,2026-03-31,СПЕЦИАЛИЗИРОВАННЫЙ ЗАСТРОЙЩИК ВОСТОК 314,-,2024-01-25,21-06-2026 12:00,-,-,Элитный,0
-,"г. Сочи, район Хостинский, улица Есауленко",57082,2026-03-31,СПЕЦИАЛИЗИРОВАННЫЙ ЗАСТРОЙЩИК ВОСТОК 314,-,2024-01-25,21-06-2026 12:00,-,-,Элитный,0
-,"г. Сочи, район Хостинский, улица Есауленко",57081,2026-03-31,СПЕЦИАЛИЗИРОВАННЫЙ ЗАСТРОЙЩИК ВОСТОК 314,-,2024-01-25,21-06-2026 12:00,907214,0.0542689195035503,Элитный,0
-,"г. Сочи, район Хостинский, улица Есауленко",57080,2026-03-31,СПЕЦИАЛИЗИРОВАННЫЙ ЗАСТРОЙЩИК ВОСТОК 314,-,2024-01-25,21-06-2026 12:00,902245,0.142211722696394,Элитный,0
-,"г. Сочи, район Хостинский, улица Есауленко",57079,2026-03-31,СПЕЦИАЛИЗИРОВАННЫЙ ЗАСТРОЙЩИК ВОСТОК 314,-,2024-01-25,21-06-2026 12:00,950000,0.062846736811125,Элитный,0
-,"г. Сочи, район Хостинский, улица Есауленко",57078,2026-03-31,СПЕЦИАЛИЗИРОВАННЫЙ ЗАСТРОЙЩИК ВОСТОК 314,-,2024-01-25,21-06-2026 12:00,1143901,0.13065095378174,Элитный,0
-,"г. Сочи, район Хостинский, улица Есауленко",57077,2026-03-31,СПЕЦИАЛИЗИРОВАННЫЙ ЗАСТРОЙЩИК ВОСТОК 314,-,2024-01-25,21-06-2026 12:00,1041998,0.202864735238836,Элитный,0
-,"г. Сочи, район Лазаревский",55900,2027-03-31,СПЕЦИАЛИЗИРОВАННЫЙ ЗАСТРОЙЩИК ЯКОРНАЯ ЩЕЛЬ,-,2023-11-29,09-05-2029 12:00,-,-,Бизнес,0
-,"г. Сочи, район Лазаревский",55899,2027-03-31,СПЕЦИАЛИЗИРОВАННЫЙ ЗАСТРОЙЩИК ЯКОРНАЯ ЩЕЛЬ,-,2023-11-29,09-05-2029 12:00,-,-,Бизнес,0
-,"г. Сочи, район Лазаревский",55898,2027-03-31,СПЕЦИАЛИЗИРОВАННЫЙ ЗАСТРОЙЩИК ЯКОРНАЯ ЩЕЛЬ,-,2023-11-29,09-05-2029 12:00,-,-,Бизнес,0
-,"г. Сочи, район Лазаревский",55897,2027-03-31,СПЕЦИАЛИЗИРОВАННЫЙ ЗАСТРОЙЩИК ЯКОРНАЯ ЩЕЛЬ,-,2023-11-29,09-05-2029 12:00,-,-,Бизнес,0
-,"г. Сочи, район Лазаревский",55896,2027-03-31,СПЕЦИАЛИЗИРОВАННЫЙ ЗАСТРОЙЩИК ЯКОРНАЯ ЩЕЛЬ,-,2023-11-29,09-05-2029 12:00,-,-,Бизнес,0
-,"г. Сочи, район Лазаревский",55895,2027-03-31,СПЕЦИАЛИЗИРОВАННЫЙ ЗАСТРОЙЩИК ЯКОРНАЯ ЩЕЛЬ,-,2023-11-29,09-05-2029 12:00,-,0.418594866784081,Бизнес,0
ЖК Отражение г.Сочи,"город Сочи, район Центральный, ул Пасечная",55274,2025-09-30,СПЕЦИАЛИЗИРОВАННЫЙ ЗАСТРОЙЩИК СТРОЙИНЖИНИРИНГ,-,2023-10-30,30-12-2025 12:00,350592,0.284864559465143,Бизнес,272
-,"г. Сочи, район Центральный",54793,2024-12-31,СПЕЦИАЛИЗИРОВАННЫЙ ЗАСТРОЙЩИК БИЗНЕС-ЦЕНТР СОДРУЖЕСТВО,-,2023-10-10,30-03-2025 12:00,-,-,Элитный,0
ЖК Флора (4 этап),"г. Сочи, район Хостинский р-н, ул Искры, д. 66/9",53744,2025-12-31,СПЕЦИАЛИЗИРОВАННЫЙ ЗАСТРОЙЩИК РАФСТРОЙ,Неометрия,2023-08-17,30-06-2026 12:00,391988,0.158618599276337,Комфорт,448
Жилой комплекс Лестория (ЖК Лестория),"г. Сочи, район Хостинский р-н, ул Искры, д. 66/10, литера 4.1",53460,2026-06-30,СПЕЦИАЛИЗИРОВАННЫЙ ЗАСТРОЙЩИК РОДИНА,Неометрия,2023-07-28,31-12-2026 12:00,-,-,Комфорт,0
Жилой комплекс Лестория (ЖК Лестория),"г. Сочи, район Хостинский р-н, ул Искры, д. 66/10, литера 6",53459,2026-06-30,СПЕЦИАЛИЗИРОВАННЫЙ ЗАСТРОЙЩИК РОДИНА,Неометрия,2023-07-28,31-12-2026 12:00,-,-,Комфорт,185
Жилой комплекс Лестория (ЖК Лестория),"г. Сочи, район Хостинский р-н, ул Искры, д. 66/10, литера 5",53458,2026-06-30,СПЕЦИАЛИЗИРОВАННЫЙ ЗАСТРОЙЩИК РОДИНА,Неометрия,2023-07-28,31-12-2026 12:00,-,-,Комфорт,253
Жилой комплекс Лестория (ЖК Лестория),"г. Сочи, район Хостинский р-н, ул Искры, д. 66/10, литера 4",53457,2026-06-30,СПЕЦИАЛИЗИРОВАННЫЙ ЗАСТРОЙЩИК РОДИНА,Неометрия,2023-07-28,31-12-2026 12:00,-,-,Комфорт,372
Жилой комплекс Лестория (ЖК Лестория),"г. Сочи, район Хостинский р-н, ул Искры, д. 66/10, литера 2.1",53456,2025-12-31,СПЕЦИАЛИЗИРОВАННЫЙ ЗАСТРОЙЩИК РОДИНА,Неометрия,2023-07-28,30-06-2026 12:00,237565,0.127709190672154,Комфорт,0
Жилой комплекс Лестория (ЖК Лестория),"г. Сочи, район Хостинский р-н, ул Искры, д. 66/10, литера 1.1",53455,2025-12-31,СПЕЦИАЛИЗИРОВАННЫЙ ЗАСТРОЙЩИК РОДИНА,Неометрия,2023-07-28,30-06-2026 12:00,-,-,Комфорт,0
Жилой комплекс Лестория (ЖК Лестория),"г. Сочи, район Хостинский р-н, ул Искры, д. 66/10, литера 3",53454,2025-12-31,СПЕЦИАЛИЗИРОВАННЫЙ ЗАСТРОЙЩИК РОДИНА,Неометрия,2023-07-28,30-06-2026 12:00,413148,0.428586389121609,Комфорт,303
Жилой комплекс Лестория (ЖК Лестория),"г. Сочи, район Хостинский р-н, ул Искры, д. 66/10, литера 2",53453,2025-12-31,СПЕЦИАЛИЗИРОВАННЫЙ ЗАСТРОЙЩИК РОДИНА,Неометрия,2023-07-28,30-06-2026 12:00,440495,0.175855055813448,Комфорт,338
Жилой комплекс Лестория (ЖК Лестория),"г. Сочи, район Хостинский р-н, ул Искры, д. 66/10, литера 1",53452,2025-12-31,СПЕЦИАЛИЗИРОВАННЫЙ ЗАСТРОЙЩИК РОДИНА,Неометрия,2023-07-28,30-06-2026 12:00,428328,0.401056486209777,Комфорт,415
-,"г. Сочи, район Адлерский р-н",53428,2025-12-31,СПЕЦИАЛИЗИРОВАННЫЙ ЗАСТРОЙЩИК ИЗВЕСТИЯ ХИЛЛ,-,2023-07-27,01-10-2025 12:00,491238,0.156391356224314,Бизнес,0
-,"г. Сочи, ул Володарского, д. 6, литера 18",52190,2027-12-31,СПЕЦИАЛИЗИРОВАННЫЙ ЗАСТРОЙЩИК РЕВЕРС,-,2023-05-26,25-12-2027 12:00,-,-,Комфорт,0
-,"г. Сочи, ул Володарского, д. 6, литера 17",52189,2027-12-31,СПЕЦИАЛИЗИРОВАННЫЙ ЗАСТРОЙЩИК РЕВЕРС,-,2023-05-26,25-12-2027 12:00,-,-,Комфорт,0
-,"г. Сочи, ул Володарского, д. 6, литера 16",52188,2027-12-31,СПЕЦИАЛИЗИРОВАННЫЙ ЗАСТРОЙЩИК РЕВЕРС,-,2023-05-26,25-12-2027 12:00,-,-,Комфорт,0
-,"г. Сочи, ул Володарского, д. 6, литера 6/1",52187,2025-06-30,СПЕЦИАЛИЗИРОВАННЫЙ ЗАСТРОЙЩИК РЕВЕРС,-,2023-05-26,25-12-2027 12:00,-,-,Комфорт,0
-,"г. Сочи, д. 6, литера 6",52186,2025-06-30,СПЕЦИАЛИЗИРОВАННЫЙ ЗАСТРОЙЩИК РЕВЕРС,-,2023-05-26,25-12-2027 12:00,350000,0.49241347236242,Комфорт,0
-,"г. Сочи, ул Володарского, д. 6, литера 20",52185,2027-12-31,СПЕЦИАЛИЗИРОВАННЫЙ ЗАСТРОЙЩИК РЕВЕРС,-,2023-05-26,25-12-2027 12:00,395060,0.126957669796479,Комфорт,0
-,"г. Сочи, ул Володарского, д. 6, литера 19",52184,2025-06-30,СПЕЦИАЛИЗИРОВАННЫЙ ЗАСТРОЙЩИК РЕВЕРС,-,2023-05-26,25-12-2027 12:00,-,-,Комфорт,0
-,"г. Сочи, ул Володарского, д. 6, литера 10",52183,2025-12-31,СПЕЦИАЛИЗИРОВАННЫЙ ЗАСТРОЙЩИК РЕВЕРС,-,2023-05-26,25-12-2027 12:00,-,-,Комфорт,0
-,"г. Сочи, ул Володарского, д. 6, литера 5/1",52182,2025-06-30,СПЕЦИАЛИЗИРОВАННЫЙ ЗАСТРОЙЩИК РЕВЕРС,-,2023-05-26,25-12-2027 12:00,-,-,Комфорт,0
-,"г. Сочи, ул Володарского, д. 6, литера 5",52181,2025-06-30,СПЕЦИАЛИЗИРОВАННЫЙ ЗАСТРОЙЩИК РЕВЕРС,-,2023-05-26,25-12-2027 12:00,362673,0.197157427538886,Комфорт,0
-,"г. Сочи, ул Володарского, д. 6, литера 4/1",52180,2027-12-31,СПЕЦИАЛИЗИРОВАННЫЙ ЗАСТРОЙЩИК РЕВЕРС,-,2023-05-26,25-12-2027 12:00,-,-,Комфорт,0
-,"г. Сочи, ул Володарского, д. 6, литера 4",52179,2027-12-31,СПЕЦИАЛИЗИРОВАННЫЙ ЗАСТРОЙЩИК РЕВЕРС,-,2023-05-26,25-12-2027 12:00,-,-,Комфорт,0
-,"г. Сочи, ул Володарского, д. 6, литера 14",52178,2025-06-30,СПЕЦИАЛИЗИРОВАННЫЙ ЗАСТРОЙЩИК РЕВЕРС,-,2023-05-26,25-12-2027 12:00,350000,0.22130062607777,Комфорт,0
-,"г. Сочи, ул Володарского, д. 6, литера 13",52177,2025-12-31,СПЕЦИАЛИЗИРОВАННЫЙ ЗАСТРОЙЩИК РЕВЕРС,-,2023-05-26,25-12-2027 12:00,-,-,Комфорт,0
-,"г. Сочи, ул Володарского, д. 6, литера 12",52176,2027-12-31,СПЕЦИАЛИЗИРОВАННЫЙ ЗАСТРОЙЩИК РЕВЕРС,-,2023-05-26,25-12-2027 12:00,180000,0.0394744184748742,Комфорт,0
-,"г. Сочи, ул Володарского, д. 6, литера 11",52175,2025-06-30,СПЕЦИАЛИЗИРОВАННЫЙ ЗАСТРОЙЩИК РЕВЕРС,-,2023-05-26,25-12-2027 12:00,381705,0.257441151206895,Комфорт,0
-,"г. Сочи, ул Володарского, д. 6, литера 9",52174,2025-12-31,СПЕЦИАЛИЗИРОВАННЫЙ ЗАСТРОЙЩИК РЕВЕРС,-,2023-05-26,25-12-2027 12:00,412524,0.246735970936828,Комфорт,0
-,"город Сочи, Адлерский район",51634,2026-09-30,СПЕЦИАЛИЗИРОВАННЫЙ ЗАСТРОЙЩИК ВЕРТИКАЛЬ ИНВЕСТ,-,2023-04-25,29-03-2027 12:00,577489,0.267760559100577,Бизнес,0
-,"город Сочи, Хостинский район",51251,2025-12-31,СПЕЦИАЛИЗИРОВАННЫЙ ЗАСТРОЙЩИК ЮЖНЫЙ,-,2023-04-05,23-06-2026 12:00,1111145,0.0471009327718465,Бизнес,0
-,"г. Сочи, ул Крымская, д. 44",51158,2026-06-30,СПЕЦИАЛИЗИРОВАННЫЙ ЗАСТРОЙЩИК ГОСТИНИЧНЫЙ КОМПЛЕКС СОЧИОЙЛСТРОЙ,-,2023-03-30,30-12-2026 12:00,872180,0.634789620985722,Элитный,0
-,"г. Сочи, ул Крымская, д. 44",51157,2026-06-30,СПЕЦИАЛИЗИРОВАННЫЙ ЗАСТРОЙЩИК ГОСТИНИЧНЫЙ КОМПЛЕКС СОЧИОЙЛСТРОЙ,-,2023-03-30,30-12-2026 12:00,524042,0.0477366588387724,Элитный,0
-,"г. Сочи, ул Крымская, д. 44",51156,2026-06-30,СПЕЦИАЛИЗИРОВАННЫЙ ЗАСТРОЙЩИК ГОСТИНИЧНЫЙ КОМПЛЕКС СОЧИОЙЛСТРОЙ,-,2023-03-30,30-12-2026 12:00,1064265,0.315082346899743,Элитный,0
-,"г. Сочи, ул Володарского, д. 6, литера 8/1",50636,2025-06-30,СПЕЦИАЛИЗИРОВАННЫЙ ЗАСТРОЙЩИК РЕВЕРС,-,2023-02-21,30-04-2025 12:00,-,-,Бизнес,0
-,"г. Сочи, ул Володарского, д. 6, литера 8",50635,2025-06-30,СПЕЦИАЛИЗИРОВАННЫЙ ЗАСТРОЙЩИК РЕВЕРС,-,2023-02-21,30-04-2025 12:00,350000,0.285859588028516,Бизнес,0
ЖК OLIVIA,"г. Сочи, литера 11",50382,2025-12-31,СПЕЦИАЛИЗИРОВАННЫЙ ЗАСТРОЙЩИК КОНДИ,Альпика Групп,2023-02-03,30-06-2026 12:00,453953,0.0892202106259614,Бизнес,96
ЖК OLIVIA,"г. Сочи, литера 10",50381,2025-12-31,СПЕЦИАЛИЗИРОВАННЫЙ ЗАСТРОЙЩИК КОНДИ,Альпика Групп,2023-02-03,30-06-2026 12:00,480515,0.507188498402556,Бизнес,96
ЖК OLIVIA,"г. Сочи, литера 9",50380,2025-12-31,СПЕЦИАЛИЗИРОВАННЫЙ ЗАСТРОЙЩИК КОНДИ,Альпика Групп,2023-02-03,30-06-2026 12:00,445000,0.548485386344811,Бизнес,96
ЖК OLIVIA,"г. Сочи, литера 6",50379,2025-03-31,СПЕЦИАЛИЗИРОВАННЫЙ ЗАСТРОЙЩИК КОНДИ,Альпика Групп,2023-02-03,30-09-2025 12:00,501039,0.628262691570881,Бизнес,192
ЖК OLIVIA,"г. Сочи, литера 8",50378,2025-03-31,СПЕЦИАЛИЗИРОВАННЫЙ ЗАСТРОЙЩИК КОНДИ,Альпика Групп,2023-02-03,30-09-2025 12:00,447012,0.54398887705597,Бизнес,96
ЖК OLIVIA,"г. Сочи, литера 7",50377,2025-03-31,СПЕЦИАЛИЗИРОВАННЫЙ ЗАСТРОЙЩИК КОНДИ,Альпика Групп,2023-02-03,30-09-2025 12:00,476198,0.346260797538753,Бизнес,96
ЖК OLIVIA,"г. Сочи, литера 5",50376,2024-09-30,СПЕЦИАЛИЗИРОВАННЫЙ ЗАСТРОЙЩИК КОНДИ,Альпика Групп,2023-02-03,30-12-2024 12:00,466941,0.332345545977011,Бизнес,192
ЖК OLIVIA,"г. Сочи, литера 4",50375,2024-09-30,СПЕЦИАЛИЗИРОВАННЫЙ ЗАСТРОЙЩИК КОНДИ,Альпика Групп,2023-02-03,30-12-2024 12:00,465000,0.456836685823755,Бизнес,192
ЖК OLIVIA,"г. Сочи, литера 3",50374,2024-09-30,СПЕЦИАЛИЗИРОВАННЫЙ ЗАСТРОЙЩИК КОНДИ,Альпика Групп,2023-02-03,30-12-2024 12:00,486540,0.5251406848659,Бизнес,192
ЖК OLIVIA,"г. Сочи, литера 2",50373,2024-09-30,СПЕЦИАЛИЗИРОВАННЫЙ ЗАСТРОЙЩИК КОНДИ,Альпика Групп,2023-02-03,30-12-2024 12:00,440000,0.573302801724138,Бизнес,192
ЖК OLIVIA,"г. Сочи, район Адлерский",50372,2026-06-30,СПЕЦИАЛИЗИРОВАННЫЙ ЗАСТРОЙЩИК КОНДИ,Альпика Групп,2023-02-03,19-12-2026 12:00,-,-,Бизнес,0
-,"г. Сочи, ул Шоссейная, д. 2",48508,2027-09-30,СПЕЦИАЛИЗИРОВАННЫЙ ЗАСТРОЙЩИК КАПИТАЛ,-,2022-10-17,04-02-2028 12:00,572635,0.196562077916861,Комфорт,0
"ЖК ""МАРМЕЛАД""",город Сочи,47416,2024-09-30,СПЕЦИАЛИЗИРОВАННЫЙ ЗАСТРОЙЩИК РР ГРУПП,-,2022-08-03,09-03-2025 12:00,238882,0.385177715654952,Бизнес,107
ЖК Горный Квартал,"город Сочи, Хостинский район",47272,2026-09-30,СПЕЦИАЛИЗИРОВАННЫЙ ЗАСТРОЙЩИК БИЗНЕСПРОЕКТ,AVA Group,2022-07-26,31-12-2026 12:00,276557,0.279780715898097,Комфорт,60
ЖК Горный Квартал,"город Сочи, Хостинский район",47271,2026-09-30,СПЕЦИАЛИЗИРОВАННЫЙ ЗАСТРОЙЩИК БИЗНЕСПРОЕКТ,AVA Group,2022-07-26,31-12-2026 12:00,328808,0.15155435154623,Комфорт,475
ЖК Горный Квартал,"город Сочи, Хостинский район",47269,2026-09-30,СПЕЦИАЛИЗИРОВАННЫЙ ЗАСТРОЙЩИК БИЗНЕСПРОЕКТ,AVA Group,2022-07-26,31-12-2026 12:00,292446,0.196675805346127,Комфорт,236
ЖК Горный Квартал,"город Сочи, Хостинский район",47268,2026-09-30,СПЕЦИАЛИЗИРОВАННЫЙ ЗАСТРОЙЩИК БИЗНЕСПРОЕКТ,AVA Group,2022-07-26,31-12-2026 12:00,345259,0.768590777168655,Комфорт,60
ЖК Горный Квартал,"город Сочи, Хостинский район",47267,2026-09-30,СПЕЦИАЛИЗИРОВАННЫЙ ЗАСТРОЙЩИК БИЗНЕСПРОЕКТ,AVA Group,2022-07-26,31-12-2026 12:00,303699,0.510602678571429,Комфорт,270
ЖК Горный Квартал,"город Сочи, Хостинский район",47266,2026-09-30,СПЕЦИАЛИЗИРОВАННЫЙ ЗАСТРОЙЩИК БИЗНЕСПРОЕКТ,AVA Group,2022-07-26,31-12-2026 12:00,315954,0.551818227542501,Комфорт,216
-,город Сочи,46946,2025-03-31,СПЕЦИАЛИЗИРОВАННЫЙ ЗАСТРОЙЩИК КРАСМАШЕВСКИЙ,-,2022-07-07,30-07-2025 12:00,-,-,Элитный,0
"Гостиничный комплекс ""AMAYA RESIDENCE"" ","г. Сочи, район Хостинский, проспект Курортный, д. 108г",46703,2026-03-31,СПЕЦИАЛИЗИРОВАННЫЙ ЗАСТРОЙЩИК КОЛИБРИ,Альпика Групп,2022-06-24,20-09-2026 12:00,-,-,Элитный,0
"Гостиничный комплекс ""AMAYA RESIDENCE"" ","г. Сочи, район Хостинский, проспект Курортный, д. 108г",46702,2026-03-31,СПЕЦИАЛИЗИРОВАННЫЙ ЗАСТРОЙЩИК КОЛИБРИ,Альпика Групп,2022-06-24,20-09-2026 12:00,705000,0.00552570990023024,Элитный,0
"Гостиничный комплекс ""AMAYA RESIDENCE"" ","г. Сочи, район Хостинский, проспект Курортный, д. 108г",46701,2026-03-31,СПЕЦИАЛИЗИРОВАННЫЙ ЗАСТРОЙЩИК КОЛИБРИ,Альпика Групп,2022-06-24,20-09-2026 12:00,939434,0.110666880372323,Элитный,0
"Гостиничный комплекс ""AMAYA RESIDENCE"" ","г. Сочи, район Хостинский, проспект Курортный, д. 108г",46700,2026-03-31,СПЕЦИАЛИЗИРОВАННЫЙ ЗАСТРОЙЩИК КОЛИБРИ,Альпика Групп,2022-06-24,20-09-2026 12:00,1000000,0.418677882942836,Элитный,0
"Гостиничный комплекс ""Гранд Каскад""","г. Сочи, район Центральный р-н, пр-кт Курортный, блок-секция 1,2,3,4,5,6",46664,2024-12-31,СПЕЦИАЛИЗИРОВАННЫЙ ЗАСТРОЙЩИК КАСКАД,-,2022-06-22,21-10-2024 12:00,-,0.203679640895399,Элитный,0
"ЖК ""Чайные Холмы"" Литер 5",город Сочи,46477,2025-09-30,ЦЕНТРАЛЬНАЯ ИНВЕСТИЦИОННАЯ КОМПАНИЯ,ЦЕНТРАЛЬНАЯ ИНВЕСТИЦИОННАЯ КОМПАНИЯ,2022-06-08,30-01-2026 12:00,312399,0.248080614203455,Комфорт,158
"ЖК ""Чайные Холмы"" Литер 4",город Сочи,46476,2025-09-30,ЦЕНТРАЛЬНАЯ ИНВЕСТИЦИОННАЯ КОМПАНИЯ,ЦЕНТРАЛЬНАЯ ИНВЕСТИЦИОННАЯ КОМПАНИЯ,2022-06-08,30-01-2026 12:00,-,-,Комфорт,169
"ЖК ""Чайные Холмы"" Литер 3",город Сочи,46475,2025-09-30,ЦЕНТРАЛЬНАЯ ИНВЕСТИЦИОННАЯ КОМПАНИЯ,ЦЕНТРАЛЬНАЯ ИНВЕСТИЦИОННАЯ КОМПАНИЯ,2022-06-08,30-01-2026 12:00,50000,0.122157611525777,Комфорт,169
"ЖК ""Чайные Холмы"" Литер 7",город Сочи,46474,2025-09-30,ЦЕНТРАЛЬНАЯ ИНВЕСТИЦИОННАЯ КОМПАНИЯ,ЦЕНТРАЛЬНАЯ ИНВЕСТИЦИОННАЯ КОМПАНИЯ,2022-06-08,30-01-2026 12:00,-,-,Комфорт,158
"ЖК ""Чайные Холмы"" Литер 6",город Сочи,46473,2025-09-30,ЦЕНТРАЛЬНАЯ ИНВЕСТИЦИОННАЯ КОМПАНИЯ,ЦЕНТРАЛЬНАЯ ИНВЕСТИЦИОННАЯ КОМПАНИЯ,2022-06-08,30-01-2026 12:00,-,-,Комфорт,158
"ЖК ""Чайные Холмы"" Литер 8",город Сочи,46467,2025-09-30,ЦЕНТРАЛЬНАЯ ИНВЕСТИЦИОННАЯ КОМПАНИЯ,ЦЕНТРАЛЬНАЯ ИНВЕСТИЦИОННАЯ КОМПАНИЯ,2022-06-07,30-01-2026 12:00,273395,0.429583984261992,Комфорт,169
"ЖК ""Чайные Холмы"" Литер 2",город Сочи,46466,2025-09-30,ЦЕНТРАЛЬНАЯ ИНВЕСТИЦИОННАЯ КОМПАНИЯ,ЦЕНТРАЛЬНАЯ ИНВЕСТИЦИОННАЯ КОМПАНИЯ,2022-06-07,30-01-2026 12:00,265000,0.487849049594452,Комфорт,158
"ЖК ""Чайные Холмы"" Литер 1","город Сочи, Лазарвский район",46465,2025-09-30,ЦЕНТРАЛЬНАЯ ИНВЕСТИЦИОННАЯ КОМПАНИЯ,ЦЕНТРАЛЬНАЯ ИНВЕСТИЦИОННАЯ КОМПАНИЯ,2022-06-07,30-01-2026 12:00,83333,0.26890586125094,Комфорт,169
"ЖК ""Чайные Холмы"" Автостоянка","город Сочи, Лазаревский район",46464,2025-09-30,ЦЕНТРАЛЬНАЯ ИНВЕСТИЦИОННАЯ КОМПАНИЯ,ЦЕНТРАЛЬНАЯ ИНВЕСТИЦИОННАЯ КОМПАНИЯ,2022-06-07,30-01-2026 12:00,-,-,Комфорт,0
"ЖК ""Чайные Холмы"" ЗДО","город Сочи, Лазаревский район",46463,2025-09-30,ЦЕНТРАЛЬНАЯ ИНВЕСТИЦИОННАЯ КОМПАНИЯ,ЦЕНТРАЛЬНАЯ ИНВЕСТИЦИОННАЯ КОМПАНИЯ,2022-06-07,07-07-2025 12:00,-,-,Комфорт,0
"Гостиничный комплекс ""Новая Волна""",город Сочи,46144,2024-12-31,СПЕЦИАЛИЗИРОВАННЫЙ ЗАСТРОЙЩИК ФАЙВ СТАРС,-,2022-05-17,31-03-2025 12:00,888847,0.357161760774446,Элитный,0
"Гостиничный комплекс ""Новая Волна""",город Сочи,46143,2024-12-31,СПЕЦИАЛИЗИРОВАННЫЙ ЗАСТРОЙЩИК ФАЙВ СТАРС,-,2022-05-17,31-03-2025 12:00,1127704,0.221338112273754,Элитный,0
"Гостиничный комплекс ""Новая Волна""",город Сочи,46142,2024-06-30,СПЕЦИАЛИЗИРОВАННЫЙ ЗАСТРОЙЩИК ФАЙВ СТАРС,-,2022-05-17,31-03-2025 12:00,650000,0.474268574143841,Элитный,0
-,город Сочи,46117,2025-06-30,СПЕЦИАЛИЗИРОВАННЫЙ ЗАСТРОЙЩИК КРАСМАШЕВСКИЙ,-,2022-05-16,30-07-2025 12:00,1401705,0.247861099782235,Элитный,0
-,"г. Сочи, район Адлерский р-н, ул Искры",45102,2025-03-31,СПЕЦИАЛИЗИРОВАННЫЙ ЗАСТРОЙЩИК ГРОМИТУС,AVA Group,2022-02-15,30-06-2025 12:00,120000,1.0,Комфорт,0
-,"г. Сочи, район Адлерский р-н, ул Искры",45101,2025-03-31,СПЕЦИАЛИЗИРОВАННЫЙ ЗАСТРОЙЩИК ГРОМИТУС,AVA Group,2022-02-15,30-06-2025 12:00,120000,1.0,Комфорт,0
-,"г. Сочи, район Адлерский р-н, ул Искры",45100,2025-03-31,СПЕЦИАЛИЗИРОВАННЫЙ ЗАСТРОЙЩИК ГРОМИТУС,AVA Group,2022-02-15,30-06-2025 12:00,318979,0.940468445022772,Комфорт,0
-,"г. Сочи, район Адлерский р-н, ул Искры",45099,2025-03-31,СПЕЦИАЛИЗИРОВАННЫЙ ЗАСТРОЙЩИК ГРОМИТУС,AVA Group,2022-02-15,30-06-2025 12:00,367400,0.829283519016519,Комфорт,142
-,"г. Сочи, район Адлерский р-н, ул Искры",45098,2025-03-31,СПЕЦИАЛИЗИРОВАННЫЙ ЗАСТРОЙЩИК ГРОМИТУС,AVA Group,2022-02-15,30-06-2025 12:00,348481,0.669981644988765,Комфорт,426
-,"город Сочи, Хостинский район, Новая Мацеста, ул. Аллея Челтенхема",43380,2025-06-30,СПЕЦИАЛИЗИРОВАННЫЙ ЗАСТРОЙЩИК ЛИДЕР+,-,2021-11-01,30-10-2025 12:00,810000,0.301728959173717,Комфорт,0
"Гостиничный комплекс ""Нескучный сад""",г Сочи,42575,2025-09-30,СПЕЦИАЛИЗИРОВАННЫЙ ЗАСТРОЙЩИК ЗЕЛЕНАЯ ГОРКА,Неометрия,2021-09-07,31-12-2025 12:00,1096930,0.310036316770156,Бизнес,0
"Гостиничный комплекс ""Нескучный сад""",г Сочи,42574,2025-06-30,СПЕЦИАЛИЗИРОВАННЫЙ ЗАСТРОЙЩИК ЗЕЛЕНАЯ ГОРКА,Неометрия,2021-09-07,30-06-2025 12:00,843568,0.434164387627469,Бизнес,0
"Гостиничный комплекс ""Поляна Пик""","г. Сочи, район Адлерский р-н, ул Защитников Кавказа, д. 77",42373,2025-06-30,СПЕЦИАЛИЗИРОВАННЫЙ ЗАСТРОЙЩИК МЕГАСТРОЙ,Метрополис,2021-08-26,31-12-2025 12:00,1400000,0.105593902231408,Элитный,0
"Гостиничный комплекс ""Поляна Пик""","г. Сочи, район Адлерский р-н, ул Защитников Кавказа, д. 77, блок-секция 1,2",42291,2025-06-30,СПЕЦИАЛИЗИРОВАННЫЙ ЗАСТРОЙЩИК МЕГАСТРОЙ,Метрополис,2021-08-20,31-12-2025 12:00,-,-,Элитный,0
"Гостиничный комплекс ""Поляна Пик""","г. Сочи, район Адлерский р-н, ул Защитников Кавказа, д. 77, блок-секция 1,2,3",42290,2025-06-30,СПЕЦИАЛИЗИРОВАННЫЙ ЗАСТРОЙЩИК МЕГАСТРОЙ,Метрополис,2021-08-20,31-12-2025 12:00,1170000,0.443981523491006,Элитный,0
ЖК ФЛОРА (3 этап),"г. Сочи, Хостинский внутригородской район, улица Искры, д. Участок 66/9, литера 4а",41454,2024-09-30,СПЕЦИАЛИЗИРОВАННЫЙ ЗАСТРОЙЩИК РАФСТРОЙ,Неометрия,2021-07-02,30-09-2024 12:00,-,-,Комфорт,0
ЖК ФЛОРА (3 этап),"г. Сочи, Хостинский внутригородской район, улица Искры, д. Участок 66/9, литера 5",41453,2024-09-30,СПЕЦИАЛИЗИРОВАННЫЙ ЗАСТРОЙЩИК РАФСТРОЙ,Неометрия,2021-07-02,30-09-2024 12:00,305884,0.653563451001356,Комфорт,296
ЖК ФЛОРА (3 этап),"г. Сочи, Хостинский внутригородской район, улица Искры, д. Участок 66/9, литера 4",41452,2024-09-30,СПЕЦИАЛИЗИРОВАННЫЙ ЗАСТРОЙЩИК РАФСТРОЙ,Неометрия,2021-07-02,30-09-2024 12:00,373023,0.607218783956158,Комфорт,130
ЖК Кислород,"г Сочи, Хостинский район",39550,2025-12-31,СПЕЦИАЛИЗИРОВАННЫЙ ЗАСТРОЙЩИК КИСЛОРОД,AVA Group,2021-04-13,31-03-2026 12:00,417143,0.527218531538636,Бизнес,272
ЖК Кислород,"г Сочи, Хостинский район",39549,2025-12-31,СПЕЦИАЛИЗИРОВАННЫЙ ЗАСТРОЙЩИК КИСЛОРОД,AVA Group,2021-04-13,31-03-2026 12:00,419504,0.338741837062413,Бизнес,289
ЖК Кислород,"г Сочи, Хостинский район",39548,2024-12-31,СПЕЦИАЛИЗИРОВАННЫЙ ЗАСТРОЙЩИК КИСЛОРОД,AVA Group,2021-04-13,31-03-2025 12:00,263428,0.469688321263363,Бизнес,307
ЖК Кислород,"г Сочи, Хостинский район",39545,2024-09-30,СПЕЦИАЛИЗИРОВАННЫЙ ЗАСТРОЙЩИК КИСЛОРОД,AVA Group,2021-04-13,31-12-2024 12:00,310110,0.00460323689248808,Бизнес,307
ЖК Кислород,"г Сочи, Хостинский район",39544,2025-06-30,СПЕЦИАЛИЗИРОВАННЫЙ ЗАСТРОЙЩИК КИСЛОРОД,AVA Group,2021-04-13,30-09-2025 12:00,388985,0.362415609944734,Бизнес,224
ЖК Кислород,"г Сочи, Хостинский район",39543,2025-06-30,СПЕЦИАЛИЗИРОВАННЫЙ ЗАСТРОЙЩИК КИСЛОРОД,AVA Group,2021-04-13,30-09-2025 12:00,499654,0.554847209333157,Бизнес,235
"МФК ""Имеретинские высоты""","с. Веселое, д. 4",35894,2026-03-31,СПЕЦИАЛИЗИРОВАННЫЙ ЗАСТРОЙЩИК МАРГО,-,2020-05-27,30-05-2026 12:00,-,-,Комфорт,0
"МФК ""Имеретинские высоты""","с. Веселое, д. 1",35893,2026-03-31,СПЕЦИАЛИЗИРОВАННЫЙ ЗАСТРОЙЩИК МАРГО,-,2020-05-27,30-05-2026 12:00,257257,0.305881891846873,Комфорт,259
"МФК ""Имеретинские высоты""","с. Веселое, д. 2",35892,2026-03-31,СПЕЦИАЛИЗИРОВАННЫЙ ЗАСТРОЙЩИК МАРГО,-,2020-05-27,30-05-2026 12:00,374488,0.320652759678225,Комфорт,259
"МФК ""Имеретинские высоты""","с. Веселое, д. 3",35891,2026-03-31,СПЕЦИАЛИЗИРОВАННЫЙ ЗАСТРОЙЩИК МАРГО,-,2020-05-27,30-05-2026 12:00,124771,0.359478151524678,Комфорт,237
"ТОЦ ""Океан""","г. Сочи, район Адлерский, улица Демократическая, д. 37",32908,2024-09-30,ОКЕАН,-,2019-08-10,01-09-2024 12:00,-,0.787408132883436,Типовой,0
"Жилой квартал ""Тюльпановка"" ",г. Сочи,22626,2025-12-31,ГРАДРИЭЛТ,ГрадРиэлт,2019-05-31,30-09-2026 12:00,-,-,Комфорт,3
"Жилой квартал ""Тюльпановка"" ",г. Сочи,22624,2024-12-31,ГРАДРИЭЛТ,ГрадРиэлт,2019-05-31,30-09-2025 12:00,255618,0.0996606334841629,Комфорт,10
"Жилой квартал ""Тюльпановка"" ",г. Сочи,22623,2024-09-30,ГРАДРИЭЛТ,ГрадРиэлт,2019-05-31,30-06-2025 12:00,96481,0.300113122171946,Комфорт,10
"Жилой квартал ""Тюльпановка"" ",г. Сочи,22622,2024-09-30,ГРАДРИЭЛТ,ГрадРиэлт,2019-05-31,30-06-2025 12:00,194324,0.399773755656109,Комфорт,10
"Жилой квартал ""Тюльпановка"" ",г. Сочи,22619,2025-12-31,ГРАДРИЭЛТ,ГрадРиэлт,2019-05-31,30-09-2026 12:00,-,-,Комфорт,10
"Жилой квартал ""Тюльпановка"" ",г. Сочи,22618,2025-12-31,ГРАДРИЭЛТ,ГрадРиэлт,2019-05-31,30-09-2026 12:00,-,-,Комфорт,10
"Жилой квартал ""Тюльпановка"" ",г. Сочи,22616,2025-12-31,ГРАДРИЭЛТ,ГрадРиэлт,2019-05-31,30-09-2026 12:00,-,-,Комфорт,10
"Жилой квартал ""Тюльпановка"" ",г. Сочи,22614,2025-12-31,ГРАДРИЭЛТ,ГрадРиэлт,2019-05-31,30-09-2026 12:00,-,-,Комфорт,10
"Жилой квартал ""Тюльпановка"" ",г. Сочи,22613,2025-12-31,ГРАДРИЭЛТ,ГрадРиэлт,2019-05-31,30-09-2026 12:00,-,-,Комфорт,10
"Жилой квартал ""Тюльпановка"" ",г. Сочи,22610,2024-12-31,ГРАДРИЭЛТ,ГрадРиэлт,2019-05-31,30-09-2025 12:00,246538,0.399773755656109,Комфорт,10
"Жилой квартал ""Тюльпановка"" ",г. Сочи,22584,2024-09-30,ГРАДРИЭЛТ,ГрадРиэлт,2019-05-31,31-03-2025 12:00,194324,0.624646293152236,Комфорт,8
"Жилой квартал ""Тюльпановка"" ",г. Сочи,22583,2024-09-30,ГРАДРИЭЛТ,ГрадРиэлт,2019-05-31,31-03-2025 12:00,96481,0.373938879456706,Комфорт,8
-,"г. Сочи, ул Старошоссейная, д. 5, корпус 10",1859,2027-06-30,МЕБЕЛЬЩИК,Мебельщик,2019-05-31,30-06-2027 12:00,409704,0.0753437287629908,Комфорт,334
